{
  "88": 1.000000,
  "132": 21.370000
}